Iteration,AUC_Test,AUC_Train,AUC_Valid
0,0.5765283355644801,0.5384686647566437,0.605761316872428
