Iteration,AUC_Test,AUC_Train,AUC_Valid
0,0.5581585601665924,0.5565870061246547,0.5874298540965208
