Iteration,AUC_Test,AUC_Train,AUC_Valid
0,0.6386657742079429,0.5636243545094272,0.5258885147774037
