Iteration,AUC_Test,AUC_Train,AUC_Valid
0,0.6015543656105906,0.6280944946730944,0.6609053497942388
