Iteration,AUC_Test,AUC_Train,AUC_Valid
0,0.6134538152610443,0.6181354972636346,0.6600074822297045
