Iteration,AUC_Test,AUC_Train,AUC_Valid
0,0.5761564777629035,0.6092418809723962,0.6276842499064721
