Iteration,AUC_Test,AUC_Train,AUC_Valid
0,0.6164286776736576,0.6023074679613649,0.5928918817807707
