Iteration,AUC_Test,AUC_Train,AUC_Valid
0,0.6287743566860032,0.6199951963492254,0.6682379349046016
