Iteration,AUC_Test,AUC_Train,AUC_Valid
0,0.6427562100252863,0.6136646708641424,0.6206135428357651
