Iteration,AUC_Test,AUC_Train,AUC_Valid
0,0.5606871932173136,0.5816088798915747,0.6162364384586606
