Iteration,AUC_Test,AUC_Train
0,0.627233225168774,0.6178129664259122
1,0.6227015031143934,0.6207929454957196
