Iteration,AUC_Test,AUC_Train,AUC_Valid
0,0.6021865238732709,0.6137504503422602,0.638047138047138
