Iteration,AUC_Test,AUC_Train,AUC_Valid
0,0.6143090882046706,0.5983255845871434,0.6388327721661056
